lineage,position,allele_change,scheme
L2.2.1.AsianAfrican1,513789,C/T,merker2015
L2.2.1.AsianAfrican1,774065,T/C,merker2015
L2.2.1.AsianAfrican1,1241386,C/T,merker2015
L2.2.1.AsianAfrican1,1843620,T/C,merker2015
L2.2.1.AsianAfrican1,2138730,G/T,merker2015
L2.2.1.AsianAfrican1,3462822,G/T,merker2015
L2.2.1.AsianAfrican1,3540882,T/C,merker2015
L2.2.1.AsianAfrican1,725365,A/G,merker2015
L2.2.1.AsianAfrican1,782148,C/A,merker2015
L2.2.1.AsianAfrican1,782634,A/G,merker2015
L2.2.1.AsianAfrican1,3068497,T/C,merker2015
L2.2.1.AsianAfrican1,3413574,G/C,merker2015
L2.2.1.AsianAfrican1,3570896,G/T,merker2015
L2.2.1.AsianAfrican1,2358525,A/C,merker2015
L2.2.1.AsianAfrican1,396771,C/G,merker2015
L2.2.1.AsianAfrican1,449633,G/A,merker2015
L2.2.1.AsianAfrican1,450525,T/G,merker2015
L2.2.1.AsianAfrican1,549777,C/T,merker2015
L2.2.1.AsianAfrican1,1202643,G/T,merker2015
L2.2.1.AsianAfrican1,1554418,G/A,merker2015
L2.2.1.AsianAfrican1,1651706,C/T,merker2015
L2.2.1.AsianAfrican1,1675193,C/G,merker2015
L2.2.1.AsianAfrican1,1760688,C/G,merker2015
L2.2.1.AsianAfrican1,2610381,C/T,merker2015
L2.2.1.AsianAfrican1,2739546,G/C,merker2015
L2.2.1.AsianAfrican1,3300005,C/A,merker2015
L2.2.1.AsianAfrican1,292679,A/G,merker2015
L2.2.1.AsianAfrican1,489741,G/A,merker2015
L2.2.1.AsianAfrican1,1194351,A/G,merker2015
L2.2.1.AsianAfrican1,3899672,C/T,merker2015
L2.2.1.AsianAfrican1,141457,G/C,merker2015
L2.2.1.AsianAfrican1,993352,G/A,merker2015
L2.2.1.AsianAfrican1,2251313,T/C,merker2015
L2.2.1.AsianAfrican1,2255482,G/A,merker2015
L2.2.1.AsianAfrican1,312686,C/T,merker2015
L2.2.1.AsianAfrican1,3007221,A/C,merker2015
L2.2.1.AsianAfrican1,3007229,T/C,merker2015
L2.2.1.AsianAfrican1,3193202,G/A,merker2015
L2.2.1.AsianAfrican1,3721174,T/G,merker2015
L2.2.1.AsianAfrican1,3770743,T/C,merker2015
L2.2.1.AsianAfrican1,3844733,A/C,merker2015
L2.2.1.AsianAfrican2,1374685,C/G,merker2015
L2.2.1.AsianAfrican2,2376135,A/G,merker2015
L2.2.1.AsianAfrican2,3061703,G/A,merker2015
L2.2.1.AsianAfrican2,868663,G/A,merker2015
L2.2.1.AsianAfrican2,3217905,G/A,merker2015
L2.2.1.AsianAfrican2,4180839,G/C,merker2015
L2.2.1.AsianAfrican2,15087,C/G,merker2015
L2.2.1.AsianAfrican2,1451405,G/A,merker2015
L2.2.1.AsianAfrican2,2532616,G/A,merker2015
L2.2.1.AsianAfrican2,2185884,T/C,merker2015
L2.2.1.AsianAfrican2,1279968,G/C,merker2015
L2.2.1.PacificRD150,57298,C/G,merker2015
L2.2.1.PacificRD150,1128883,G/A,merker2015
L2.2.1.PacificRD150,1267597,G/A,merker2015
L2.2.1.PacificRD150,1701684,G/A,merker2015
L2.2.1.PacificRD150,4080525,C/T,merker2015
L2.2.1.PacificRD150,671385,C/G,merker2015
L2.2.1.PacificRD150,2428517,A/G,merker2015
L2.2.1.PacificRD150,2891379,A/C,merker2015
L2.2.1.PacificRD150,1844339,A/G,merker2015
L2.2.1.PacificRD150,2161902,G/A,merker2015
L2.2.1.PacificRD150,2780415,G/A,merker2015
L2.2.1.PacificRD150,3028884,C/T,merker2015
L2.2.1.PacificRD150,4370038,G/T,merker2015
L2.2.1.PacificRD150,1891388,C/G,merker2015
L2.2.1.PacificRD150,4109342,G/A,merker2015
L2.2.1.PacificRD150,3535572,C/A,merker2015
L2.2.1.PacificRD150,731015,A/G,merker2015
L2.2.1.PacificRD150,1947282,A/G,merker2015
L2.2.1.PacificRD150,2714846,C/T,merker2015
L2.2.1.PacificRD150,3874206,G/A,merker2015
L2.2.1.EuropeRussiaW148,751999,C/T,merker2015
L2.2.1.EuropeRussiaW148,10354,T/G,merker2015
L2.2.1.EuropeRussiaW148,11546,C/T,merker2015
L2.2.1.EuropeRussiaW148,11558,T/C,merker2015
L2.2.1.EuropeRussiaW148,12728,T/G,merker2015
L2.2.1.EuropeRussiaW148,21270,T/G,merker2015
L2.2.1.EuropeRussiaW148,30143,C/T,merker2015
L2.2.1.EuropeRussiaW148,30310,G/A,merker2015
L2.2.1.EuropeRussiaW148,41758,G/A,merker2015
L2.2.1.EuropeRussiaW148,43499,G/T,merker2015
L2.2.1.EuropeRussiaW148,43996,C/G,merker2015
L2.2.1.EuropeRussiaW148,12036,C/T,merker2015
L2.2.1.EuropeRussiaW148,13534,G/A,merker2015
L2.2.1.EuropeRussiaW148,17106,T/A,merker2015
L2.2.1.EuropeRussiaW148,22671,T/C,merker2015
L2.2.1.EuropeRussiaW148,23356,T/C,merker2015
L2.2.1.EuropeRussiaW148,25692,G/C,merker2015
L2.2.1.EuropeRussiaW148,26047,A/G,merker2015
L2.2.1.EuropeRussiaW148,29541,G/A,merker2015
L2.2.1.EuropeRussiaW148,29644,C/T,merker2015
L2.2.1.EuropeRussiaW148,35661,C/A,merker2015
L2.2.1.EuropeRussiaW148,4086,G/T,merker2015
L2.2.1.EuropeRussiaW148,18386,C/T,merker2015
L2.2.1.EuropeRussiaW148,14312,C/A,merker2015
L2.2.1.EuropeRussiaW148,40413,T/C,merker2015
L2.2.1.EuropeRussiaW148,527895,T/C,merker2015
L2.2.1.EuropeRussiaW148,895164,G/A,merker2015
L2.2.1.EuropeRussiaW148,907046,G/A,merker2015
L2.2.1.EuropeRussiaW148,14821,C/T,merker2015
L2.2.1.EuropeRussiaW148,15847,G/A,merker2015
L2.2.1.EuropeRussiaW148,20789,C/A,merker2015
L2.2.1.EuropeRussiaW148,20991,C/T,merker2015
L2.2.1.EuropeRussiaW148,21326,G/C,merker2015
L2.2.1.EuropeRussiaW148,25441,A/C,merker2015
L2.2.1.EuropeRussiaW148,29083,G/A,merker2015
L2.2.1.EuropeRussiaW148,31618,T/G,merker2015
L2.2.1.EuropeRussiaW148,36970,G/C,merker2015
L2.2.1.EuropeRussiaW148,36103,G/T,merker2015
L2.2.1.EuropeRussiaW148,30867,A/G,merker2015
L2.2.1.EuropeRussiaW148,40174,G/A,merker2015
L2.2.1.EuropeRussiaW148,43383,T/G,merker2015
L2.2.1.EuropeRussiaW148,16680,G/C,merker2015
L2.2.1.EuropeRussiaW148,19473,T/C,merker2015
L2.2.1.EuropeRussiaW148,22107,T/G,merker2015
L2.2.1.EuropeRussiaW148,886661,C/T,merker2015
L2.2.1.EuropeRussiaW148,10238,G/A,merker2015
L2.2.1.EuropeRussiaW148,22055,A/G,merker2015
L2.2.1.EuropeRussiaW148,24681,G/A,merker2015
L2.2.1.EuropeRussiaW148,25572,C/G,merker2015
L2.2.1.EuropeRussiaW148,35572,C/G,merker2015
L2.2.1.EuropeRussiaW148,42167,A/C,merker2015
L2.2.1.EuropeRussiaW148,43214,G/A,merker2015
L2.2.1.CentralAsian,406846,C/A,merker2015
L2.2.1.CentralAsian,423867,C/T,merker2015
L2.2.1.CentralAsian,200984,C/G,merker2015
L2.2.1.CentralAsian,766645,A/C,merker2015
L2.2.1.CentralAsian,136470,G/A,merker2015
L2.2.1.CentralAsian,173955,T/C,merker2015
L2.2.1.CentralAsian,555366,C/T,merker2015
L2.2.1.CentralAsian,165473,T/G,merker2015
L2.2.1.CentralAsian,188706,C/G,merker2015
L2.2.1.CentralAsian,266846,G/A,merker2015
L2.2.1.CentralAsian,284457,C/T,merker2015
L2.2.1.CentralAsian,295731,T/C,merker2015
L2.2.1.CentralAsian,888647,C/T,merker2015
L2.2.1.CentralAsian,172860,C/T,merker2015
L2.2.1.CentralAsian,175348,T/C,merker2015
L2.2.1.CentralAsian,412111,C/A,merker2015
L2.2.1.CentralAsian.CAO,42227,G/A,merker2015
L2.2.1.CentralAsian.CAO,1152701,C/T,merker2015
L2.2.1.CentralAsian.CAO,1257452,T/C,merker2015
L2.2.1.CentralAsian.CAO,1296834,A/C,merker2015
L2.2.1.CentralAsian.CAO,1419658,C/T,merker2015
L2.2.1.CentralAsian.CAO,2107264,C/T,merker2015
L2.2.1.CentralAsian.CAO,2197921,T/A,merker2015
L2.2.1.CentralAsian.CAO,2915934,T/G,merker2015
L2.2.1.CentralAsian.CAO,3857226,G/T,merker2015
L2.2.1.CentralAsian.CAO,1077626,C/A,merker2015
L2.2.1.CentralAsian.CAO,1208181,G/A,merker2015
L2.2.1.CentralAsian.CAO,1540352,G/A,merker2015
L2.2.1.CentralAsian.CAO,2000234,C/T,merker2015
L2.2.1.CentralAsian.CAO,2982829,T/G,merker2015
L2.2.1.CentralAsian.CAO,3777389,G/A,merker2015
L2.2.1.CentralAsian.CAO,46324,T/C,merker2015
L2.2.1.CentralAsian.CAO,3332110,G/A,merker2015
L2.2.1.CentralAsian.CAO,3408521,G/A,merker2015
L2.2.1.CentralAsian.CAO,3570220,T/C,merker2015
L2.2.1.CentralAsian.CAO,3723401,G/A,merker2015
L2.2.1.CentralAsian.CAO,151798,A/G,merker2015
L2.2.1.CentralAsian.CAO,163467,A/G,merker2015
L2.2.1.CentralAsian.CAO,1145736,T/A,merker2015
L2.2.1.CentralAsian.CAO,1431097,G/T,merker2015
L2.2.1.CentralAsian.CAO,1567524,G/A,merker2015
L2.2.1.CentralAsian.CAO,1626655,T/C,merker2015
L2.2.1.CentralAsian.CAO,4224185,A/G,merker2015
L2.2.1.CentralAsian.CAO,325703,C/T,merker2015
L2.2.1.CentralAsian.CAO,560615,A/C,merker2015
L2.2.1.CentralAsian.CAO,843909,A/G,merker2015
L2.2.1.CentralAsian.CAO,1884305,T/G,merker2015
L2.2.1.CentralAsian.CAO,2527575,G/A,merker2015
L2.2.1.CentralAsian.CAO,2817269,C/T,merker2015
L2.2.1.CentralAsian.CAO,2939372,A/G,merker2015
L2.2.1.CentralAsian.CAO,3338820,T/C,merker2015
L2.2.1.CentralAsian.CAO,3657759,C/T,merker2015
L2.2.1.CentralAsian.CAO,3982279,T/C,merker2015
L2.2.1.CentralAsian.CAO,139850,T/A,merker2015
L2.2.1.CentralAsian.CAO,767670,T/C,merker2015
L2.2.1.CentralAsian.CAO,2030355,A/G,merker2015
L2.2.1.CentralAsian.CAO,2062735,T/C,merker2015
L2.2.1.CentralAsian.CAO,2968452,G/A,merker2015
L2.2.1.CentralAsian.CAO,3302980,T/C,merker2015
L2.2.1.CentralAsian.CAO,3597879,T/C,merker2015
L2.2.2,239733,G/T,merker2015
L2.2.2,287747,A/,merker2015
L2.2.2,346693,G/T,merker2015
L2.2.2,505843,A/,merker2015
L2.2.2,716025,C/T,merker2015
L2.2.2,825655,C/,merker2015
L2.2.2,938240,G/C,merker2015
L2.2.2,1065793,T/G,merker2015
L2.2.2,1762216,C/G,merker2015
L2.2.2,1935437,C/T,merker2015
L2.2.2,2602454,T/G,merker2015
L2.2.2,2619799,A/,merker2015
L2.2.2,2883217,G/C,merker2015
L2.2.2,3005014,A/,merker2015
L2.2.2,3375807,T/C,merker2015
L2.2.2,4370678,T/C,merker2015
L2.2.2,65246,C/T,merker2015
L2.2.2,449194,G/,merker2015
L2.2.2,1174655,C/T,merker2015
L2.2.2,1197567,G/C,merker2015
L2.2.2,2140076,G/,merker2015
L2.2.2,2141368,C/T,merker2015
L2.2.2,2881542,C/G,merker2015
L2.2.2,3057256,G/,merker2015
L2.2.2,3128345,C/G,merker2015
L2.2.2,3134017,G/T,merker2015
L2.2.2,3438664,G/C,merker2015
L2.2.2,3581967,G/C,merker2015
L2.2.2,3823194,T/C,merker2015
L2.2.2,1047873,C/T,merker2015
L2.2.2,1053912,T/C,merker2015
L2.2.2,1750386,C/T,merker2015
L2.2.2,2640807,G/,merker2015
L2.2.2,2852598,G/C,merker2015
L2.2.2,3581476,C/T,merker2015
L2.2.2,4400839,T/C,merker2015
L2.2.2,4302926,C/G,merker2015
L2.2.2,163940,A/,merker2015
L2.2.2,252900,C/T,merker2015
L2.2.2,393387,C/T,merker2015
L2.2.2,456299,C/G,merker2015
L2.2.2,994382,C/T,merker2015
L2.2.2,1106614,G/T,merker2015
L2.2.2,1301002,G/,merker2015
L2.2.2,1565566,C/T,merker2015
L2.2.2,1758588,A/,merker2015
L2.2.2,1790479,C/G,merker2015
L2.2.2,2903643,C/,merker2015
L2.2.2,3162021,G/C,merker2015
L2.2.2,3173283,T/G,merker2015
L2.2.2,3312401,A/,merker2015
L2.2.2,3418386,C/T,merker2015
L2.2.2,3526873,G/T,merker2015
L2.2.2,3792765,C/,merker2015
L2.2.2,294596,T/G,merker2015
L2.2.2,955127,A/,merker2015
L2.2.2,1511460,C/T,merker2015
L2.2.2,2185009,C/T,merker2015
L2.2.2,15890,G/,merker2015
L2.2.2,917596,C/,merker2015
L2.2.2,71914,T/C,merker2015
L2.2.2,154990,G/T,merker2015
L2.2.2,1246500,C/T,merker2015
L2.2.2,1021776,A/,merker2015
L2.2.2,1190472,C/T,merker2015
L2.2.2,1276232,C/,merker2015
L2.2.2,1731293,C/G,merker2015
L2.2.2,2626600,G/,merker2015
L2.2.2,3150049,G/T,merker2015
L2.2.2,3187987,C/T,merker2015
L2.2.2,3841663,C/T,merker2015
L2.2.1.AsiaAncestral2,1445516,A/G,merker2015
L2.2.1.AsiaAncestral2,2822461,G/A,merker2015
L2.2.1.AsiaAncestral2,3960979,A/C,merker2015
L2.2.1.AsiaAncestral2,710275,C/T,merker2015
L2.2.1.AsiaAncestral2,719136,C/T,merker2015
L2.2.1.AsiaAncestral2,1185154,T/G,merker2015
L2.2.1.AsiaAncestral2,1282687,C/A,merker2015
L2.2.1.AsiaAncestral2,1720081,A/G,merker2015
L2.2.1.AsiaAncestral2,3439387,C/T,merker2015
L2.2.1.AsiaAncestral2,855199,C/T,merker2015
L2.2.1.AsiaAncestral2,2432565,G/A,merker2015
L2.2.1.AsiaAncestral2,3084195,G/T,merker2015
L2.2.1.AsiaAncestral2,3204720,C/G,merker2015
L2.2.1.AsiaAncestral2,3640879,C/T,merker2015
L2.2.1.AsiaAncestral2,3674012,C/G,merker2015
L2.2.1.AsiaAncestral2,3709528,C/A,merker2015
L2.2.1.AsiaAncestral2,4153340,G/A,merker2015
L2.2.1.AsiaAncestral2,484395,C/T,merker2015
L2.2.1.AsiaAncestral2,2115075,C/G,merker2015
L2.2.1.AsiaAncestral2,3266769,A/C,merker2015
L2.2.1.AsiaAncestral2,886115,T/C,merker2015
L2.2.1.AsiaAncestral2,122215,A/G,merker2015
L2.2.1.AsiaAncestral2,268628,C/T,merker2015
L2.2.1.AsiaAncestral2,2881358,C/A,merker2015
L2.2.1.AsiaAncestral3,1079697,G/C,merker2015
L2.2.1.AsiaAncestral3,2283528,C/A,merker2015
L2.2.1.AsiaAncestral3,1312065,A/C,merker2015
L2.2.1.AsiaAncestral3,2195864,G/A,merker2015
L2.2.1.AsiaAncestral3,1477522,C/A,merker2015
L2.2.1.AsiaAncestral3,3051182,C/T,merker2015
L2.2.1.AsiaAncestral3,3373397,G/A,merker2015
L2.2.1.AsiaAncestral3,449943,C/T,merker2015
L2.2.1.AsiaAncestral3,4296225,G/A,merker2015
L2.2.1.AsiaAncestral3,197705,G/A,merker2015
L2.2.1.Modern,101539,C/T,merker2015
L2.2.1.Modern,204094,G/T,merker2015
L2.2.1.Modern,28826,C/T,merker2015
L2.2.1.Modern,776182,C/T,merker2015
L2.2.1.Modern,1103656,C/T,merker2015
L2.2.1.Modern,1105686,C/G,merker2015
L2.2.1.Modern,1105687,T/C,merker2015
L2.2.1.Modern,2067684,G/A,merker2015
L2.2.1.Modern,2216963,C/G,merker2015
L2.2.1.Modern,2230045,G/A,merker2015
L2.2.1.Modern,2235087,G/A,merker2015
L2.2.1.Modern,2411496,G/A,merker2015
L2.2.1.Modern,2442468,C/T,merker2015
L2.2.1.Modern,3863138,G/A,merker2015
L2.2.1.Modern,4309927,T/G,merker2015
L2.2.1.Modern,377014,C/T,merker2015
L2.2.1.Modern,621598,C/T,merker2015
L2.2.1.Modern,1333669,T/G,merker2015
L2.2.1.Modern,1706685,C/A,merker2015
L2.2.1.Modern,2069771,C/A,merker2015
L2.2.1.Modern,2082053,A/G,merker2015
L2.2.1.Modern,2316123,C/A,merker2015
L2.2.1.Modern,2451700,A/C,merker2015
L2.2.1.Modern,2522955,T/G,merker2015
L2.2.1.Modern,3024343,G/A,merker2015
L2.2.1.Modern,3675504,G/T,merker2015
L2.2.1.Modern,3834486,T/C,merker2015
L2.2.1.Modern,3863681,C/G,merker2015
L2.2.1.Modern,3968006,A/C,merker2015
L2.2.1.Modern,951702,C/T,merker2015
L2.2.1.Modern,1336164,C/T,merker2015
L2.2.1.Modern,3284640,A/G,merker2015
L2.2.1.Modern,3959730,T/C,merker2015
L2.2.1.Modern,4258106,G/A,merker2015
L2.2.1.Modern,17654,T/G,merker2015
L2.2.1.Modern,17657,T/C,merker2015
L2.2.1.Modern,364854,C/G,merker2015
L2.2.1.Modern,542514,C/G,merker2015
L2.2.1.Modern,791249,C/T,merker2015
L2.2.1.Modern,991896,T/C,merker2015
L2.2.1.Modern,1148930,C/T,merker2015
L2.2.1.Modern,2800087,G/A,merker2015
L2.2.1.Modern,460413,C/T,merker2015
L2.2.1.Modern,686264,G/A,merker2015
L2.2.1.Modern,2364475,T/C,merker2015
L2.2.1.Modern,2808452,T/C,merker2015
L2.2.1.Modern,3826501,C/T,merker2015
L2.2.1.Modern,3908465,A/G,merker2015
L2.2.1.Modern,3916386,G/T,merker2015
L2.2.1.Modern,4204168,T/C,merker2015
L2.2.1.Modern,1111678,G/A,merker2015
L2.2.1.Modern,1286766,G/C,merker2015
L2.2.1.Modern,1477596,C/T,merker2015
L2.2.1.Modern,1849934,A/G,merker2015
L2.2.1.Modern,3048912,C/G,merker2015
L2.2.1.Modern,48503,T/C,merker2015
L2.2.1.Modern,296312,C/T,merker2015
L2.2.1.Modern,60515,G/A,merker2015
L2.2.1.Modern,954101,C/T,merker2015
L2.2.1.Modern,954468,C/G,merker2015
L2.2.1.Modern,1293333,C/G,merker2015
L2.2.1.Modern,1741352,C/T,merker2015
L2.2.1.Modern,2086672,C/T,merker2015
L2.2.1.Modern,2318725,C/T,merker2015
L2.2.1.Modern,2320320,C/T,merker2015
L2.2.1.Modern,3165636,G/A,merker2015
L2.2.1.Modern,3542219,G/A,merker2015
L2.2.1.Modern,3665753,G/A,merker2015
L2.2.1.Modern,4033577,A/G,merker2015
L2.2.1.Modern,69984,A/C,merker2015
L2.2.1.Modern,1108521,G/A,merker2015
L2.2.1.Modern,1265070,G/T,merker2015
L2.2.1.Modern,1526311,G/T,merker2015
L2.2.1.Modern,1697896,C/T,merker2015
L2.2.1.Modern,1774659,C/T,merker2015
L2.2.1.Modern,2138436,A/G,merker2015
L2.2.1.Modern,2225365,T/C,merker2015
L2.2.1.Modern,3110140,G/T,merker2015
L2.2.1.Modern,3447293,T/G,merker2015
L2.2.1.Modern,4214988,G/A,merker2015
